SOURCE_ID,ra,dec,parallax,phot_g_mean_mag
3836078730804535040,150.32860659168568,2.2408637505328706,0.13764939037443286,20.169269561767578
3836283171247831936,149.922897839168,2.466212039510029,-0.04374136717055874,19.332685470581055
3836283239967306752,149.88029615782344,2.460199360285447,-0.9881192974342308,20.15487289428711
3836309593886632704,149.5299980399873,2.454229496658882,0.07707723040332155,19.825817108154297
3836045333138784768,150.16851450734006,2.0331151758161483,0.4267208110585251,18.76668357849121
3836045333138785280,150.17907924571804,2.036806359006631,,21.422388076782227
3836044233627356288,150.041425217368,2.0030953269723693,1.5580820422172055,12.324222564697266
3836044233627608704,150.0401306147694,2.0035190863510075,1.5930250919433049,18.362442016601562
3836044306641289088,150.03621713602843,2.002932628626832,,20.83170509338379
3836044306641433600,150.02875739142817,2.005948833044337,-0.0031190993743383244,20.017650604248047
3836045268714107008,150.13515731515372,2.02782340307278,1.4097217158934203,15.448321342468262
3836045401858264064,150.15913245285728,2.0431140286430867,-0.1968004969244233,19.575103759765625
3836045401858266240,150.16012286462131,2.050111029495912,2.1775374916980375,20.686134338378906
3836045642376705408,150.07566023847812,2.013350657481351,0.5015086397664021,18.87718963623047
3836045745455920640,150.05890989821552,2.015134809649059,0.09164344376015737,19.554975509643555
3836045814175397632,150.0471662025586,2.0184811881529603,0.24716958642233994,17.331043243408203
3836045814175451776,150.05717995014984,2.0260131607725413,1.6035224102104562,20.436433792114258
3836045848535136256,150.07128056793357,2.020869610789076,0.9551389142097841,19.7648983001709
3836045852829513856,150.0825491994361,2.024911714405131,,20.58810806274414
3836045852829922688,150.07727782287498,2.024201097470887,,20.606151580810547
3836045882894875136,150.0834092732784,2.0255360203037345,0.5898646132048235,18.57951545715332
3836045882894875264,150.0831643350912,2.0294351731975597,0.11371934015360514,18.56674575805664
3836046054693567360,150.11084593052817,2.0340680776212654,1.180273710529522,17.810623168945312
3836046123412862208,150.1455889014194,2.043054747160894,,20.80025291442871
3836046127707565952,150.13369263294953,2.0405965553311582,1.477995922028648,19.304861068725586
3836046192132417664,150.12232128207745,2.05000431710772,1.7249957035587375,20.216379165649414
3836046192132521216,150.11913782615298,2.052379676348097,2.1553262971546605,20.413480758666992
3836046260851997696,150.10323913369794,2.041954968403772,0.543010254371874,17.664844512939453
3836046299506112384,150.10817225538887,2.0558727789490066,,20.798067092895508
3836046398290951680,150.10705526195125,2.0618209174385806,2.48056238460679,18.739410400390625
3836046501370420608,150.11708047259998,2.077728643489779,,20.8319149017334
3836070694920348032,150.20545103030338,2.154269529495519,-0.18101588936064278,20.10114288330078
3836068633335836032,150.20642826538182,2.0488296569512263,-1.5465620527712451,20.385025024414062
3836068633336196096,150.19444347940313,2.0424482232948433,2.4060370745951234,19.10242462158203
3836068732120619264,150.22283206560778,2.0544228884240945,0.7160224662780104,19.74525260925293
3836068835199832064,150.19337507780278,2.0460662852875062,0.5773832897084099,19.586286544799805
3836068835199833472,150.18744777890754,2.0522504538394917,0.3010786994843924,20.23750114440918
3836068835199835264,150.18790640628487,2.056195167493988,-0.012074885620187614,19.049711227416992
3836068869559662592,150.1710184653004,2.049257500474511,,20.71735191345215
3836068869560174208,150.17229682210606,2.055567084857741,0.8496866897774523,20.68947410583496
3836068903919315968,150.18753374817265,2.065901349992093,1.7618637237837926,18.42697525024414
3836068942573841024,150.20605343786852,2.0651903974111083,1.4365962090521136,17.96861457824707
3836069006998531584,150.19472313099521,2.067906588622077,,20.733625411987305
3836069011293615872,150.19861734877466,2.068528458909203,,21.0084171295166
3836069041358275200,150.2079674615735,2.0833348445800586,-0.6222461791316802,19.494340896606445
3836069247516705664,150.2774056869542,2.0841605979174025,,21.288618087768555
3836069281876442752,150.2606673885782,2.0810771113715045,0.7818829288549323,16.579330444335938
3836069281876443392,150.26259859165125,2.0828608594181595,-0.46398301404881626,19.7762393951416
3836069281877182720,150.2576058623749,2.0859532817314843,,20.715335845947266
3836069316236186624,150.26700756022072,2.103298712579765,0.5216677375600166,18.82388687133789
3836069350595921152,150.22274757234825,2.084136935402615,1.6045869414791567,18.6385440826416
3836069384955660160,150.24110677250243,2.0870129877126926,0.04342172268058585,19.225839614868164
3836069419315563776,150.22565437862693,2.0890182812760725,4.032413240448276,20.487323760986328
3836069453675043456,150.22368620234158,2.100275575702664,0.6893047142994208,14.641965866088867
3836069453675811584,150.22477856337022,2.099737568923599,1.104743237653722,17.189912796020508
3836069492329654144,150.2514462741369,2.0955792777127815,1.1992245253070855,17.715633392333984
3836069556754359040,150.2358966863954,2.115275633227755,0.45916054754354724,19.82440757751465
3836069591114175488,150.24643339594866,2.113193312398459,1.7743501828557537,20.628395080566406
3836069595408869120,150.25649167557225,2.11475327174447,2.010936525968258,15.650274276733398
3836069625473819520,150.1638008111,2.0608413429547263,1.7016140530416042,18.05150604248047
3836069625473819776,150.16517352155682,2.0623839092480365,,21.383760452270508
3836069625473821312,150.15766234428062,2.0648575225573786,1.161182398739087,19.282752990722656
3836069629768608896,150.1594663467992,2.054872443998593,0.36185355405149155,17.12712287902832
3836069698488358912,150.1495556862764,2.0761598284119347,-0.07206247491025518,19.99806022644043
3836069762912938368,150.18629173972604,2.0775749932876,0.29662650998045964,20.37291717529297
3836069767207561984,150.17486949640556,2.079781280396348,0.3983564663876356,16.563369750976562
3836069797272521088,150.1941125824539,2.0885999556176773,0.24106047043323897,19.38048553466797
3836069865991999872,150.17501157674005,2.0984517729230605,0.31828261664901436,18.262502670288086
3836069900351642752,150.1364145294107,2.0849521575257004,1.754617054313159,12.37747859954834
3836070003430952064,150.1397298496182,2.0952001810418555,2.248301596994085,17.644472122192383
3836070003434107392,150.1386058257357,2.1049786813604485,0.23464897043757565,20.360408782958984
3836070076445471744,150.1797082694992,2.1103898515475934,,20.27374267578125
3836070140869910016,150.15645201403743,2.113525363970115,1.690834771590614,19.09943389892578
3836070175229726976,150.2068287715533,2.1051524387843985,-0.7636061520290887,20.552658081054688
3836070175229808128,150.19725581735585,2.1011397781793817,1.0423922645105106,20.372007369995117
3836070213884160000,150.20715815253635,2.1085526952665985,,20.383853912353516
3836070213884424960,150.22021719376332,2.104518393296935,1.9249725333320011,16.870681762695312
3836070248244163456,150.19497971773092,2.110737941242507,0.09291056060007559,19.712238311767578
3836070278308867328,150.20622321926868,2.1206252857236567,2.7680730310549726,17.971105575561523
3836070278309500288,150.20359716847608,2.124674422520354,,20.57928466796875
3836070381388082816,150.21908591449818,2.121622395003433,1.1174842074638454,17.935935974121094
3836070381388084736,150.2126280093692,2.1271374043910605,0.9896806729241766,19.731319427490234
3836070450107560192,150.18393898678673,2.122607649282112,0.9045713795961504,16.899822235107422
3836070450108160896,150.1840591212847,2.1165504999907734,,20.925743103027344
3836070484467193728,150.20184810495957,2.126256590218833,1.5717698842779095,13.041423797607422
3836070518827037824,150.1734008142898,2.1257598212319877,0.909809283824152,18.54819679260254
3836070587546516352,150.19897221489927,2.1324994535659254,0.24948802579438692,19.554271697998047
3836070690625737344,150.2152222207721,2.1548144155522047,-2.4141377464395264,20.231626510620117
3836070793704839552,150.2849645056814,2.1125967456213854,0.7528582620986329,14.270651817321777
3836070828064679040,150.30038799089573,2.116127946677679,-0.019780129424018134,19.878122329711914
3836070862424418048,150.31338447042077,2.1166256640750194,0.9679882793731576,19.835926055908203
3836070866719188480,150.30568617073183,2.1186926822200056,1.8943620659902278,18.661720275878906
3836070896784158464,150.32689389246906,2.1224505663109943,1.3487755780642916,19.741714477539062
3836070901078926464,150.3256793274932,2.1241254499115763,1.2179652289325391,17.22749900817871
3836070931143898880,150.3127144947158,2.1272678471659767,0.6599354450478229,18.87886619567871
3836070969798042624,150.31690121815197,2.138912514739152,0.598476599604333,20.025850296020508
3836071034223113216,150.27518335776438,2.1247759501695698,3.218611463613217,16.392602920532227
3836071171662143360,150.29724108909397,2.148781976618187,,20.81868553161621
3836071309101096320,150.34590246475273,2.1475119831658858,,20.623046875
3836071412180243200,150.354850282255,2.154889714650636,-0.3207671140698217,20.10601043701172
3836071412180243840,150.36066116507212,2.155847521932253,0.12973317334580314,19.109514236450195
3836071553913955328,150.30578056075808,2.154428242163508,1.0256628367189145,19.24445343017578
3836071588273693440,150.32287656745325,2.165368012217368,0.746478337302997,19.820167541503906
3836071618338743424,150.30258387185597,2.1610678602149465,2.023502396889654,20.36943817138672
3836071618339480192,150.30635979880645,2.168469243735202,,20.723604202270508
3836071652698418688,150.31345448830132,2.178616603607959,2.9154223966110235,19.39473533630371
3836071656993017344,150.30658985197175,2.171626845261236,,20.90639877319336
3836071656993170048,150.31530834559197,2.179773148287578,0.04773221987813045,15.326711654663086
3836071656993170304,150.30875944998564,2.174230506696939,0.7648652941721882,14.03703784942627
3836071721417895296,150.35303750775645,2.180424272110861,0.77501746246815,19.689146041870117
3836071893217243392,150.22959535862074,2.146258528782829,,20.781381607055664
3836071897511339648,150.24132967428494,2.140465125553861,0.7123473900658625,18.780380249023438
3836072030655536512,150.25445156874682,2.1656969029875275,0.5796317736457588,19.348600387573242
3836072099375670656,150.22794980453617,2.159462314215068,2.7697613415070834,20.618318557739258
3836072133734819072,150.23135091717475,2.1618720082821077,,20.604902267456055
3836072202454230272,150.2218217161887,2.1720560870179955,0.12133224139309315,19.27759552001953
3836072236813970304,150.2466788364035,2.178149423165061,0.008196271645600462,18.588115692138672
3836072271173708416,150.2618181532649,2.1774686780612287,-0.07057910059452183,19.224084854125977
3836072271173798272,150.25218499507068,2.1847783712586777,1.2354100277159394,19.767730712890625
3836072305533447808,150.2361319161263,2.1813396201961885,1.7485515786929207,18.945507049560547
3836072339893188480,150.24457909629666,2.194293043057953,,21.01651954650879
3836072339893189504,150.24734716234266,2.199926021814325,2.2052374932416767,19.634502410888672
3836072374252921472,150.29659035879945,2.1695384886061957,0.9440785825320908,19.40043830871582
3836072374252922880,150.30075260252067,2.1753898564580916,1.172154374784399,20.125118255615234
3836072515986629120,150.30766790063555,2.1938801248848105,0.4902914601050382,17.076093673706055
3836072550346367232,150.3184348298732,2.1984833597343933,0.4184585051966066,16.503400802612305
3836072683491329664,150.28610841925095,2.2003268257245803,,20.72598648071289
3836072752210052352,150.26419454790846,2.2104004635839725,0.8149054038091031,19.131437301635742
3836072889649009664,150.28759310790934,2.230822765590836,0.9017598936642989,18.379911422729492
3836072893943750784,150.2990530309934,2.22887242025339,2.4417112392819487,14.27593994140625
3836077528213682816,150.38529192224615,2.1992131145667666,3.2737778729693505,18.84775161743164
3836077528213684480,150.39062807213276,2.203089235347493,0.9796743773193567,17.54718589782715
3836077562573424384,150.40042302869963,2.2119942262192285,0.7508604325317226,18.887887954711914
3836077631293822080,150.37155769763754,2.204107836038328,,20.86722183227539
3836077635587731584,150.37281536349178,2.2001685082473226,2.0809957669213093,20.001018524169922
3836077665652636160,150.34101075357685,2.199219448095887,1.113065870466174,19.24270248413086
3836077768731856000,150.38815104497422,2.2169638805581426,0.5171991422795726,18.547119140625
3836077807386336640,150.36511960858198,2.2156114208368285,0.4499985573898389,16.08442497253418
3836077979185300480,150.41689470916057,2.2268156453270818,,20.401424407958984
3836078181048848896,150.41019797674772,2.2333209286665903,,20.678573608398438
3836078284127993216,150.42740277777327,2.252013060781799,-0.32379196264994725,20.700244903564453
3836078357142149760,150.41426853773032,2.251126801231948,-0.015605175832737864,16.661609649658203
3836078391501694592,150.4239507765646,2.271779878671792,0.36664401757914994,20.19866943359375
3836078455926621696,150.34638696038076,2.2119984220444358,0.5437593017005631,20.4148006439209
3836078460221365888,150.3498184626851,2.2154359364084653,2.7515182637512194,15.179006576538086
3836078490286362368,150.3343328579805,2.219832921685839,5.265969651571497,18.056903839111328
3836078528940842880,150.3305285084325,2.2256912143334224,0.9558936018114814,17.21110725402832
3836078559005841408,150.35410279816307,2.2343720316168385,1.1581789143062848,17.351655960083008
3836078597660318720,150.364194327671,2.237475389389372,0.7024690987667516,14.405024528503418
3836078597660318848,150.36670561299476,2.2322321854312017,2.2965332815635047,17.139616012573242
3836078627726189824,150.34990619136312,2.246088789896801,,20.81589698791504
3836078666380090752,150.35439211249616,2.24838644746598,-0.41606475867658715,20.186628341674805
3836078730804535296,150.32756693710152,2.241959051060872,-0.5357594368852058,18.897790908813477
3836078765164273024,150.30418190575045,2.2382862457321195,0.9142994131552848,19.270498275756836
3836078769459011584,150.3023972033725,2.245144181419458,0.6133461569041059,19.67056655883789
3836078799524823424,150.31847172876232,2.2447861528533584,,20.996376037597656
3836078833884595840,150.3358643579957,2.239765895223639,,20.76533317565918
3836078868243616512,150.35079467590694,2.258486356919164,0.21306345027352525,20.630144119262695
3836078872538031232,150.34744606733713,2.254874438150873,0.7745245518897194,20.189929962158203
3836078902603229440,150.32566310524612,2.2546918625523924,0.037973367913307125,20.155006408691406
3836078902603230208,150.33383534231447,2.257552936497449,0.0031666395233571065,20.276893615722656
3836078902604053888,150.3264874029907,2.2629185207562563,0.2600800833898119,20.674800872802734
3836078906898080384,150.32632181953193,2.2505469930042477,,20.745647430419922
3836078936962969984,150.34210699763324,2.2648495917440816,0.26777777348168247,19.482210159301758
3836078936962970624,150.33555357510488,2.269041309781494,0.06462945167935993,17.75416374206543
3836078936963044096,150.3415014603627,2.26242548641906,2.67920650316975,20.407793045043945
3836078941257702272,150.33984233239238,2.2719842581142466,1.3717543981739246,19.02511978149414
3836079108761661568,150.40812613303768,2.2644376021814083,1.197144908884568,19.891239166259766
3836079108761785216,150.39950354546824,2.267809428424567,1.1840663926900576,20.337190628051758
3836079113056393728,150.40219386496844,2.26945508557179,0.6936753583151296,16.95375633239746
3836079181775870720,150.39022603203844,2.2746790551033755,0.7839472099972538,18.725631713867188
3836079211840881536,150.3972746812898,2.2854657278175443,0.01847706773073542,19.84920883178711
3836079314919952000,150.34995036727463,2.2693736874879447,2.4671137839974784,15.188864707946777
3836079314920224128,150.35494220101546,2.276592447758807,0.7053004487791001,20.50010871887207
3836079383639572480,150.38593515005417,2.2818735038100204,0.4536554942727337,20.226078033447266
3836079383639573248,150.38060723842293,2.2839251813537444,0.9102378234047694,19.365962982177734
3836079383639573760,150.37480275375282,2.2847535367133527,,19.897809982299805
3836079383640488064,150.37585018957924,2.285632945473255,,20.773712158203125
3836079417999313792,150.38489807699372,2.2945163128540917,1.5901832707799315,19.455211639404297
3836079452359052288,150.36985441302582,2.2947395040627176,0.6608868595776269,19.451047897338867
3836079864675908736,150.42639785618508,2.2769116261365507,1.157108246955675,19.114479064941406
3836079899035648512,150.44468620302064,2.2825798606490526,1.6628815446653618,19.112903594970703
3836079903330375168,150.44869922537896,2.279841378392648,0.6225499966755988,17.838396072387695
3836080654949748224,150.4299336983476,2.2913419029366775,2.3755526242913767,8.444244384765625
3836080654949895936,150.433980083828,2.287633597569881,,21.42707633972168
3836080659244546560,150.42621431003627,2.2957971150976757,,20.77044677734375
3836080693604358144,150.4119973747896,2.2950605045767825,0.3591289233386527,17.354225158691406
3836080727964096384,150.41990081456652,2.3039393640694965,0.9691491018629173,15.646604537963867
3836080758030173696,150.4428739713383,2.3068058025872538,2.9901108713219635,20.600900650024414
3836080826748589184,150.42612864901793,2.314391505306279,2.5293728715705606,19.684560775756836
3836080929827803648,150.41507527438802,2.3083940103676213,0.9363166897820407,19.107519149780273
3836080929827803904,150.40752295532656,2.3111680551531104,,21.00208282470703
3836080929827804032,150.42010699997394,2.3120120151077796,-0.07258379430524034,19.529552459716797
3836080929827804416,150.40760427506592,2.3148609786311627,,20.673336029052734
3836080964187543424,150.39168276015837,2.322078397080269,-1.6391779553898587,20.588682174682617
3836081067266758912,150.43686371623414,2.3244866550197183,0.019636071242065317,18.61566734313965
3836081140280956160,150.42521173408377,2.3390794994605075,1.5668013982611084,19.420581817626953
3836081170345973376,150.46542476420635,2.3169236724267135,0.7126132853280164,16.6174259185791
3836081273425190784,150.46948343882318,2.34478847554546,1.503115039332117,19.66830062866211
3836081380799211648,150.47163639479132,2.3489527474132754,0.001115001062011227,20.351768493652344
3836081445223882240,150.44157689277685,2.341178133318589,0.6160604579590715,18.868593215942383
3836081548303098112,150.44733698734015,2.354180734307422,0.08973458800675714,19.746076583862305
3836081548303146112,150.44121894237497,2.363569897997941,-0.1679333681622896,20.49126434326172
3836081586957553920,150.47569962303285,2.3571174290747567,1.1784781206718296,13.986968994140625
3836081617022575104,150.4750223429038,2.3722775527967253,0.5688451059514462,16.131206512451172
3836081621317291776,150.4819875653206,2.3717181444402198,0.6593674478748038,15.040367126464844
3836081651383395840,150.45319454466417,2.363827173324629,,21.04530143737793
3836081685742052096,150.4698532119499,2.3859001374915567,0.17774982576940396,17.484399795532227
3836081690037036928,150.47386635465364,2.375887349905735,,20.597063064575195
3836175560842083968,150.48865229962885,2.3932898532424476,1.8133469523060917,18.641395568847656
3836233521425716864,150.01337613849728,2.0295575889901367,,20.10306167602539
3836230880020875008,149.79539890750175,2.0486158530060568,0.3668508514364178,15.78538703918457
3836230948740127744,149.78500455947955,2.0676854508706124,,21.090595245361328
3836231150603786240,149.7752475259863,2.0776913490647293,0.8016477553037962,19.340036392211914
3836231223618258944,149.76399319534502,2.0749544540244664,1.2739386246842475,16.860822677612305
3836233521427452160,150.0143315601011,2.0306858759145077,,20.76677894592285
3836231910813021312,149.9771517540163,2.0048571960523813,,21.521595001220703
3836231940877743616,150.00561588955233,2.006366422631815,0.27954922416418043,17.479225158691406
3836231975237483520,150.02269927488643,2.0124577732139426,0.41604278670617945,19.455049514770508
3836232112676439552,149.97143981774778,2.0197896786889826,0.9383892753036558,17.52808380126953
3836232147036176256,149.94593041277113,2.0159052625911973,,20.286867141723633
3836232185690927872,149.96411435683456,2.032453317225324,4.31475854968006,15.986444473266602
3836232185690928128,149.96787251359845,2.0193391394186384,,15.385106086730957
3836232215755655040,149.99368075312987,2.0219995740319634,0.7656588743095145,17.508522033691406
3836232220050666112,149.9829700197462,2.0271408260673374,0.8960403675501837,17.773096084594727
3836232254410072064,149.99847286367108,2.03957128588185,1.3116357890588044,19.968421936035156
3836232284475136000,149.96950531828006,2.0313546250463714,1.0147200040914603,18.820293426513672
3836232284476797312,149.97067514087422,2.0363824395938264,,20.651939392089844
3836232284476803072,149.97423323706235,2.0418569689582338,,20.962717056274414
3836232288770175360,149.9811510732453,2.0306883025678135,0.9575904117022132,19.947477340698242
3836232323129880832,149.9770843464451,2.0414100048656603,1.432676140392779,16.608200073242188
3836232524993297792,149.93860081126707,2.013311970628615,1.2994122597889446,20.034334182739258
3836232524996672896,149.9239766034801,2.0171411334282587,,20.393516540527344
3836232529288312960,149.93613461763147,2.0125588556822165,0.703344433362066,17.723506927490234
3836232593712778496,149.92230800142363,2.0252812216463703,0.6018360254719027,19.10820198059082
3836232735446744320,149.88521718337498,2.023649471205516,0.9255249038698846,16.24677848815918
3836232765511470592,149.90599193683417,2.0257858463963876,3.567117975793932,19.087568283081055
3836232902950421376,149.9415042702756,2.0178359817776514,0.5969183960143077,18.097707748413086
3836233452706236672,150.03263134761826,2.0235960873997527,,21.230337142944336
3836232902952035968,149.93966844368595,2.0197922891634215,,20.962039947509766
3836232937310163456,149.95583981478046,2.0280495433844177,-0.7288280914558978,19.183849334716797
3836232937310165760,149.94838804652198,2.032520042617282,0.368840178627397,16.25254249572754
3836232941605172096,149.96326374392513,2.0334225277180575,4.375123514445699,14.040409088134766
3836232971669903488,149.92915605457426,2.031487418882143,1.1194187707691763,19.660669326782227
3836233006029646720,149.94805728336334,2.042052847652711,1.395550967451182,19.13287353515625
3836233006029648256,149.93979157734782,2.0457605295283665,0.7645083573029415,20.27585792541504
3836233109108863744,149.95701568450022,2.047661641168828,0.034206489098940744,19.717872619628906
3836233109108865536,149.95806169121076,2.0523692716986743,2.863203185895607,17.20524024963379
3836233212188081408,149.92939106968643,2.054891376309007,0.12403467376841035,16.51932716369629
3836233212188333568,149.93785818755413,2.050260945923419,,20.548072814941406
3836233280909106560,149.9129929041629,2.063098813609403,,20.812801361083984
3836233315267297664,149.93575096732764,2.0590390310244677,2.1157847229792375,16.930233001708984
3836233560080458624,150.03870868000723,2.042503414943413,0.5724999811604037,17.32107162475586
3836233590145199360,150.04812649929514,2.0424335714472597,0.5747022532019987,17.92389488220215
3836233590145645056,150.0496403374493,2.0404220766324914,,20.854734420776367
3836233590146990336,150.05121474293878,2.047176883252707,,20.900972366333008
3836233624504942464,150.06225161232226,2.0579445835276635,-1.9490749230477873,20.05826759338379
3836233658864678528,150.0367499233223,2.0506189528062824,0.4566645080479865,19.286394119262695
3836233663159673344,150.04434889402123,2.052760677017621,1.2471945782810396,16.174821853637695
3836233697519119744,150.05691993883306,2.0615222374141555,0.21645846213992234,20.019609451293945
3836234041116793216,150.09167407619395,2.0708609285689374,2.662532949718531,15.10385799407959
3836234041116984832,150.07767473844362,2.0692605775605237,,21.0545597076416
3836234071181961216,150.0649475052108,2.072808412728517,2.975155897825005,20.700925827026367
3836234109836270464,150.07638439054344,2.0747842212318397,0.9838962929081982,17.019899368286133
3836234174260767616,150.1048268407188,2.0902379765931456,0.542652042680308,15.389229774475098
3836234178555745536,150.10516159269176,2.085632149650468,0.35011752924394834,15.66226863861084
3836234178555949952,150.1139931930429,2.087038957536045,,21.612178802490234
3836234242980246400,150.08753345547962,2.097151227419807,0.3210989698789716,18.257001876831055
3836234277339979648,150.04433547960102,2.0831418534031942,2.0153138706734115,15.64832592010498
3836234483498418560,150.05766572586873,2.1039955923636247,0.7243680996898066,17.722078323364258
3836234483498418816,150.06268787936895,2.104071312768862,0.8365650500310919,16.27765655517578
3836234483498421248,150.06216160407314,2.113576280652081,0.15196139148494495,18.34217643737793
3836234487793392128,150.06405147787578,2.1014078768540374,1.5413921151336312,16.042430877685547
3836234517858159104,150.0761858322691,2.110736095483747,0.8196042399234988,19.57295799255371
3836234522152793216,150.07407735075995,2.116642893420504,,20.37469482421875
3836234552217881728,149.98509204067057,2.0687615284592864,0.4116856135226238,15.332013130187988
3836234620937357568,149.9777948554348,2.0672064676133988,0.6043594194076125,19.395906448364258
3836234659592087296,149.98234913580495,2.0821827647510323,2.446439568545129,15.472513198852539
3836234693951661312,150.00988092521652,2.0864175404517153,,20.65920639038086
3836234693951825408,150.00157610229778,2.076282645779719,0.6707579367402982,18.369604110717773
3836234724016583808,150.0180996000363,2.097382992983256,0.07584564407857143,18.516361236572266
3836234758376564480,150.0005957916078,2.0873464214693915,,20.84792709350586
3836234792736060416,150.01632178304578,2.0973836321786297,0.898412423130207,15.539521217346191
3836234827097435648,149.97018309633378,2.0827508355136892,2.4125802057603836,18.4796142578125
3836234865750518272,149.97044897542608,2.0835222150611465,2.648407632720425,13.983393669128418
3836234895815273472,149.95453431175974,2.090929030328139,0.38358198546899736,19.696800231933594
3836234998894496896,150.0002052269549,2.1135030264726566,0.18699603399557044,18.32938575744629
3836235067613977088,149.9786032694696,2.119687805871913,1.0066290158642408,19.938528060913086
3836235136333446656,150.03754406337143,2.103018797462208,-0.05221421906075813,19.838525772094727
3836235140628228992,150.04199932334768,2.1153566492580937,0.05106528685785298,20.275848388671875
3836235140628421888,150.03922853867448,2.11618241592761,0.3823081239263036,16.67605972290039
3836235140628422144,150.0434215596578,2.1024679664028048,0.8639155493283329,13.937304496765137
3836235170693187200,150.01419323550016,2.107043228060936,0.4606926115200887,18.944860458374023
3836235308133882624,150.03601299489193,2.128421614289636,,20.847991943359375
3836235342491890944,150.05026426401736,2.134218569473713,0.5311918791237752,18.672958374023438
3836235376851618048,150.00648686851852,2.110556436828859,0.3407150561287065,20.339052200317383
3836235381146591232,150.01019818663207,2.1160294820817183,0.8497185060506705,14.30379581451416
3836235411211365120,150.02134992013595,2.1279223872065227,,21.502552032470703
3836235479932524800,150.00505647716884,2.1410116063320235,,20.732177734375
3836235484225806080,150.00486752083518,2.1312076979327115,1.3334541448961947,17.485036849975586
3836235518585543680,150.02792545578498,2.139912827893399,0.9540449555669229,15.518461227416992
3836235548650733824,150.04418825673346,2.1412527070323524,2.645919087520856,20.437406539916992
3836235617369808512,150.03181833882985,2.153018197671639,0.18795126831791695,18.727298736572266
3836235617369810304,150.02956147183292,2.158672323509078,0.07971558139945906,19.625083923339844
3836235651729492864,149.84541068649068,2.0246339545957746,-0.01734389268842209,18.086530685424805
3836235720448973440,149.84353703575601,2.032478993283245,2.265179070705123,17.596073150634766
3836235720448974720,149.83590298414083,2.0350516110184147,0.2717767646964712,18.988380432128906
3836235754808717184,149.85816877868047,2.043545743077059,0.918923954208619,18.877338409423828
3836235789168453376,149.87697300719876,2.0394397567141618,1.206669989937042,19.42295265197754
3836235823528195200,149.88017233633758,2.048239573850125,,20.2007999420166
3836235823529679104,149.8805369514499,2.052084633750929,,20.948163986206055
3836235892247675520,149.87784904463794,2.062055599757733,2.042547366429087,19.778432846069336
3836235892247676288,149.8717765089357,2.0642026603155554,0.643280550985334,19.492345809936523
3836236029686628352,149.83353991432588,2.058280904074043,0.5478526660888376,19.135061264038086
3836236102701104128,149.86289568300924,2.0649395264798245,0.8837627034508346,15.000155448913574
3836236137060843136,149.84730864648068,2.071885998373179,0.3580909037514675,16.44086265563965
3836236235845062144,149.9049894201206,2.069923428680008,1.1931235957165602,20.07742691040039
3836236304564545280,149.89778779904674,2.08866057641628,,20.39822006225586
3836236308859203328,149.9053184595723,2.0790725075536987,-0.24732278472750932,20.047138214111328
3836236338924280832,149.909543799819,2.0805740530664845,,20.71111297607422
3836236373284020736,149.9330781033977,2.085877162137181,1.584076234761383,18.75697135925293
3836236442003501056,149.91653368935891,2.094787310143969,-0.08557425523549653,19.979021072387695
3836236476364703488,149.87872997909102,2.074727318580709,,20.88448715209961
3836236545082648192,149.87265057905162,2.0870602743022957,0.8607196063666209,13.759974479675293
3836236545082713728,149.86848348760907,2.088515714379297,,20.44520378112793
3836236545084146304,149.86278428115773,2.0952037228076477,,20.975889205932617
3836236549377553152,149.8720502013579,2.087782353809978,,21.04681968688965
3836236579442456960,149.87184837386707,2.1006682878206577,1.0885098446909682,18.510746002197266
3836236579442458240,149.87580443141906,2.102866761340068,-0.08065774881757143,20.124332427978516
3836236579442699264,149.87562595244816,2.1001054227168168,,20.826696395874023
3836236618096898048,149.89191184527,2.1005466181716654,-0.533724963570841,20.16195297241211
3836236648161938176,149.91492380468512,2.1115378694231213,1.645396594737987,16.292619705200195
3836236682521677184,149.88477017583307,2.1139670681042304,0.07676354406211972,18.834787368774414
3836236682522112256,149.878372395334,2.106622988206106,,20.869525909423828
3836236755536134656,149.81235752350966,2.0664740149933265,2.6843178767945286,15.364849090576172
3836236785600874624,149.82603449891744,2.0661371500715595,0.3156491368592923,18.948877334594727
3836236888680342272,149.83133641700206,2.0791873464107367,,20.592144012451172
3836236892975087872,149.82676524180633,2.076004587756769,0.4687508129507917,15.354080200195312
3836236923039834752,149.83739929039513,2.0861719293271714,0.6331940642897417,18.728031158447266
3836236957399575168,149.81954765462538,2.0905605721241085,-0.2585287700026085,19.909915924072266
3836236957399575936,149.81446005312466,2.092672335090331,0.39232673583987504,19.54611587524414
3836237060478723584,149.8025329703612,2.0874565252825725,0.5513810561049485,14.381575584411621
3836237094838844928,149.76618132838766,2.0892372932927996,1.9815924511813197,20.068408966064453
3836237099133518848,149.78132643649795,2.091757073430106,1.487716516960236,15.24295425415039
3836237129198273920,149.78711729021583,2.106671966138929,0.17676301139628364,19.2235107421875
3836237335358123648,149.86077571241404,2.105846495874815,,20.80851936340332
3836237507155405696,149.86252170876946,2.1281489702404595,-0.6233887177907476,20.15983772277832
3836237511450375680,149.87495427952152,2.126952362681562,0.06691625358530276,16.870452880859375
3836237575874875904,149.83764793972853,2.1160289299011183,,20.426647186279297
3836237575874878592,149.83596443548453,2.1206545385018782,2.9220762772692788,19.23397445678711
3836237580169872128,149.8347289870045,2.11976809018824,2.440062664625756,20.08940887451172
3836237610234616704,149.83896581364738,2.120266420680285,0.33563199304105285,20.036184310913086
3836237644594357760,149.82129355556623,2.1240843961346103,1.783596088045122,17.849414825439453
3836237683249252736,149.82608255517215,2.135172310639601,,20.871889114379883
3836237751968729216,149.8599081362148,2.1487502098690943,,21.23107147216797
3836237782033319808,149.85166135950723,2.1451335562276457,0.5575803544163636,19.814428329467773
3836237782033321728,149.84519596282163,2.147438178847461,0.31461686232058345,18.911623001098633
3836237816393064704,149.86209662543675,2.154443935779819,5.214284114108886,18.76963233947754
3836237850752775936,149.93666439533277,2.099059390482129,0.4027421765164264,20.15352439880371
3836237850752776832,149.93625842227064,2.1017297288833823,-0.008599960213873716,19.49470329284668
3836237919472258688,149.92819963663356,2.1149689018809745,0.5840846694724572,19.330646514892578
3836237953833577984,149.94043023537327,2.1242771283545556,,20.867469787597656
3836237958126638592,149.9511533025454,2.1176944486019793,,21.193819046020508
3836238026846446336,149.97989789908908,2.124700252359681,0.6276444848615775,14.598214149475098
3836238056911221504,149.95137787711033,2.13317853011768,,20.599401473999023
3836238091270961024,149.9566643234583,2.1354390179500005,0.21462395248875815,18.837392807006836
3836238091272571392,149.96441870147441,2.1361573229052495,,20.60483169555664
3836238125630690304,149.92334961469805,2.1166663140206476,7.2298452075329,19.839637756347656
3836238159990429824,149.9308905653262,2.118711068089814,0.545378031575219,19.605249404907227
3836238159990433664,149.92710649164067,2.1246020769250706,0.5402257502915057,19.61254119873047
3836238194350172544,149.9146699146372,2.1258313810788922,0.879751466241584,16.4287052154541
3836238198645141632,149.91466106671473,2.1285664257914023,1.4668672480732732,19.683542251586914
3836238228709913984,149.91059941340163,2.1348116907946326,2.329452021622233,18.40439224243164
3836238233004878848,149.92332582583595,2.1354325437690522,0.4980969750645021,19.300275802612305
3836238297429394688,149.95553091649495,2.144058432728936,1.3307362107699148,20.03963851928711
3836238331789133952,149.92401413282604,2.145011444804524,0.34999864935796227,18.544279098510742
3836238331789137408,149.92613911326512,2.1494468239174536,0.6215924131314202,18.173614501953125
3836238336084092800,149.93237111177473,2.143171842851456,0.6373380941120729,16.08008575439453
3836238400508604416,149.98795494074085,2.131719589760992,0.8783659753351483,19.94896697998047
3836238400509018240,149.98269817350806,2.136491349411789,,20.848480224609375
3836238434868348032,150.00379192208274,2.143536334605438,,20.73004722595215
3836238469228087808,149.9667082033426,2.146077678150237,,20.804513931274414
3836238473522711552,149.98035499037735,2.1450321777606254,4.249144283976609,16.33727264404297
3836238473523044608,149.98021450456872,2.1455706028336547,4.198076265046921,14.41960620880127
3836238503587733632,149.99028467032474,2.149818451902777,1.3104333759000961,12.907270431518555
3836238675386521216,149.96455029820194,2.1496829349827205,2.0940513426241774,18.92498207092285
3836238675386523520,149.9612898390307,2.153766067339454,1.0296915751675544,18.04427146911621
3836238714041213056,149.96982973538925,2.161218650973637,3.8545012285485436,17.355131149291992
3836238748400984064,149.9514344990643,2.1592012548307595,,20.426416397094727
3836238812825486080,149.9865103422247,2.1748285485001224,0.5669969642412273,18.39936637878418
3836238881544965632,149.97829758309314,2.1814735881606793,0.08939514950273743,19.33062171936035
3836238885839571072,149.98186494106275,2.1806880370094737,0.10482728717851358,17.46079444885254
3836238950264418816,149.90353452274414,2.1325823748448474,-0.0966541611643315,19.9232120513916
3836238950264420480,149.89065225119938,2.1375393242070846,0.27871958212648806,19.51102638244629
3836238984624166784,149.9088985786878,2.1497227667774323,0.32594098456498244,18.969669342041016
3836238988919123200,149.90842321790313,2.152709520813759,0.6378943472631334,16.402381896972656
3836238988919123328,149.9101256505312,2.1496871958704142,,21.3355712890625
3836238988919123840,149.90729238435458,2.1404837366512512,0.8562545265242789,16.891023635864258
3836239053343646208,149.89584423619525,2.1552477160466124,0.37422647766451433,18.088138580322266
3836239087703285632,149.9142655379425,2.158124367434708,1.486038000052405,12.863872528076172
3836239087703605760,149.92423505403968,2.1498282518093172,,20.175769805908203
3836239156422864256,149.906407864364,2.1621910473471475,0.03655246237411417,18.82716178894043
3836239156422867072,149.9090675672716,2.1682404273525147,,21.114587783813477
3836239195077551744,149.9224085761404,2.1758517743298365,0.428488392819764,15.930779457092285
3836239263797031424,149.8885163341622,2.1585333631698487,0.8123714957418349,17.197641372680664
3836239328221559552,149.87783825134517,2.170435437857464,0.2525948975769971,19.989688873291016
3836239328221561472,149.87427330754744,2.1745468405783956,-0.5893532567389017,19.944561004638672
3836239362581298048,149.9052239591153,2.170682446995694,0.2930584864753437,18.090106964111328
3836239362581298176,149.8908877459095,2.171309439423238,0.7415414748098026,19.175607681274414
3836239401235982336,149.90572947838558,2.1783939640160637,0.29936855694961845,17.275522232055664
3836239568740123648,149.9361830938501,2.1786563338697937,-0.5781343246113153,20.611385345458984
3836239573034673536,149.92887018756406,2.1784686227043615,0.446233775587926,17.096498489379883
3836239603099476864,149.9466823455807,2.1936672495042115,0.7076995728724735,19.81869125366211
3836239637459210880,149.96469598107342,2.1845341652811308,1.276783167418484,18.262901306152344
3836239671818955776,149.97048655145113,2.199439443670084,1.4093674588377443,17.788175582885742
3836239671818957184,149.97775478920616,2.2027071810544254,1.3980799428257844,19.00986099243164
3836239676113886336,149.9804616347915,2.201485604288559,1.144187070056058,18.012386322021484
3836239706178693632,149.95762911724975,2.1989989355706805,-0.11911462555261423,19.46550178527832
3836239706178902912,149.95186571956646,2.208777398273354,-0.6395243528882706,20.22281837463379
3836239744833029888,149.96866358848413,2.209784203137975,1.0004466578734417,19.2855167388916
3836239809257909120,149.93434428842318,2.1996467887993205,,21.232667922973633
3836239843617855232,149.91244123287657,2.20032136186523,,20.69655418395996
3836239877977394048,149.92096483784866,2.218607833702276,0.43353113722270287,19.760229110717773
3836239882272318592,149.9192281111821,2.2037274081891605,0.22544936261713486,17.39426040649414
3836239946697072768,149.9457413185766,2.2196696286954496,,20.560169219970703
3836239981056611072,149.93545401339364,2.222846898379156,1.2274828557892428,20.229087829589844
3836242940289043584,149.7354733529805,2.07797668989467,10.713147369379396,15.716543197631836
3836242974648781056,149.75149883630687,2.0849963893414536,0.4388028590995312,15.197624206542969
3836243004713461120,149.72417640710174,2.08832284671604,0.8440903855663201,14.312064170837402
3836243004714652544,149.7238019397295,2.088685472370254,0.9077706353740344,15.632088661193848
3836243107792745088,149.70786352148173,2.096223057786053,,20.664653778076172
3836243112087735936,149.7100907730195,2.094328837258102,1.3284478383715748,13.90250015258789
3836243176512226816,149.6998438547843,2.1070895526254265,1.3328284264336057,19.05962371826172
3836243210872275584,149.72591016311821,2.1020932790432365,0.3092117565630644,20.06044578552246
3836243215166949888,149.72935223264165,2.098807203188188,1.5703861603664286,15.916123390197754
3836243932426471424,149.691067859734,2.1093078900580404,0.3303588302375386,17.9167423248291
3836244035505694848,149.69863451453938,2.1254608984162426,0.4652692943864092,17.788185119628906
3836244069865431808,149.7152642488329,2.1237263164132756,1.1375133715973866,18.33696746826172
3836244069865435264,149.71167498887127,2.1310531734152387,0.5931079256157926,16.410926818847656
3836244104225404544,149.67977523103718,2.1261691562730842,1.0506118503503439,20.250009536743164
3836244142880067200,149.69491062973046,2.1384355775493167,,20.138916015625
3836244211599364096,149.66982695093571,2.1307170847827037,,21.224292755126953
3836244276024840960,149.6587677602902,2.1397557068920627,,20.90534210205078
3836244344743350400,149.69156044393472,2.1480453053448088,0.5738489336157901,17.787555694580078
3836244379103086080,149.6746703932881,2.1440487626308338,1.007561263974786,19.191360473632812
3836244383397831936,149.66995684170695,2.1491209365456108,,20.203405380249023
3836267644940682368,150.2475310677591,2.3000398724740494,,21.052011489868164
3836247334040494080,149.66335688557348,2.1515001150394064,9.74938520479064,12.21484088897705
3836247368400333824,149.6653990581022,2.1612665903838724,1.2419574096162966,19.21693992614746
3836247402760072320,149.63993444700566,2.1617630003960437,-0.22423044831739378,19.37665367126465
3836247608918507520,149.62523187433547,2.1735629558663296,0.7638217646876546,18.946645736694336
3836247613213462784,149.63681393292057,2.173623736911713,0.40600161485477,15.333152770996094
3836247643278251264,149.64326258588116,2.185675569846457,1.0666188170492164,18.942852020263672
3836247677638201472,149.62419469918126,2.1806481575669197,,20.778751373291016
3836247681932894848,149.62136574914666,2.1837282206151225,0.23715600381721735,18.009469985961914
3836247681933127552,149.6302859899893,2.17976876386112,,20.716455459594727
3836248467911979776,149.62173849055768,2.203535277694442,0.08667822354475102,18.12107276916504
3836248536631820544,149.6098481889848,2.2107129644271697,4.667227895865999,19.816259384155273
3836248747084784128,149.59608780282818,2.219998477919608,4.074553674793779,11.30682373046875
3836248811509372928,149.59217514668845,2.2246160330671856,0.024144241581410625,19.334827423095703
3836248811509758720,149.59329992800667,2.2282456302082183,,20.527240753173828
3836248845869055744,149.766168403475,2.103210702831736,,20.34726333618164
3836248914588534528,149.76079576246465,2.1078192248931176,,20.231815338134766
3836248914589719936,149.75422427281998,2.116792046395568,,20.71451759338379
3836248953243255552,149.76224481311863,2.122354613385683,1.4034203220132246,13.402933120727539
3836248983309257856,149.781587060769,2.1154782658623477,,20.558809280395508
3836249021962923136,149.79297220666146,2.125623148486819,,20.44527816772461
3836249086387237760,149.78017526300124,2.132984770009858,2.395402953216703,19.34247398376465
3836249120746969856,149.75132971667858,2.120412932987831,,20.634990692138672
3836249120746970112,149.7486820820439,2.120521253399754,0.10705489479882954,19.631610870361328
3836249159401685888,149.7601210510415,2.123356978937037,1.2688457203881325,18.398929595947266
3836249159401686400,149.75533984442364,2.1202894792801357,1.2402411292004214,18.276287078857422
3836249189466752000,149.73492170449114,2.1215967550052017,,20.45433807373047
3836249223826193024,149.73643185479378,2.1385928971918804,2.900774731090252,18.44683074951172
3836249326905409664,149.754076380826,2.1418252591969487,1.088222120967917,17.838205337524414
3836249434279783424,149.81514506645263,2.149056010030942,,21.354141235351562
3836249498705403648,149.81279451282916,2.1584516133285967,,20.93467903137207
3836249537358804992,149.8345830159719,2.1555395797931802,0.7787447212738349,17.518238067626953
3836249567423592192,149.8460897849337,2.1681164256697443,0.21057279336121587,19.5775146484375
3836249601783328640,149.8224980344619,2.1635566476459913,0.357284703384094,17.013996124267578
3836249601783328896,149.82793767952032,2.1643009463716436,,20.3234920501709
3836249606078299904,149.82492079926303,2.166256464924457,1.8936889629898823,16.382253646850586
3836249636144390656,149.82903608138187,2.1740413545260373,,20.88090705871582
3836249636144402432,149.83544915136042,2.1735677232474506,,20.834409713745117
3836249640437689856,149.83576035423965,2.1766444589031284,-0.24749865178905742,19.875308990478516
3836249739222280448,149.77807966536318,2.161198992695488,0.4968882495394558,19.657514572143555
3836249773582024832,149.78557326997023,2.173723734554781,2.0465249090683333,19.357248306274414
3836249773582025600,149.79409931334428,2.175174128077065,0.7912596163855756,19.944643020629883
3836249807941760128,149.80819707594367,2.1663146320090916,-0.2068863316744751,18.9283504486084
3836249876662495232,149.7977825278448,2.1901909655104146,0.7537043534093346,17.859399795532227
3836249880956051968,149.80106535317003,2.180872559431366,,20.654081344604492
3836249880956188928,149.79693377452662,2.1896016888365666,0.6073515589131716,17.2542667388916
3836249880956189184,149.7950247016219,2.1845266600743316,1.627434015348463,13.231860160827637
3836249911020983680,149.8105524907051,2.1850237650922257,0.3151021876166603,16.887168884277344
3836249984035082240,149.7328043991747,2.1441795933618812,-0.3138577334704875,19.53561782836914
3836249984035407488,149.7330677222477,2.1440553468675376,0.7664795313430715,17.52630615234375
3836250014100177920,149.71403653587234,2.1437116917162924,0.8929960554363343,19.89025115966797
3836250014100178688,149.71125011517984,2.145145011865609,0.9768648980165425,20.757272720336914
3836250014100179584,149.7011611343607,2.1454538275502917,0.7883152860390994,18.161684036254883
3836250014100179712,149.71820079359304,2.146034014721888,0.05358478242854338,17.910194396972656
3836250014100182272,149.71109290173504,2.149617818799226,1.2923869150940404,19.155088424682617
3836250018394822400,149.7008603458167,2.146244720000759,0.6325349679935397,19.54852294921875
3836250048459922688,149.7149777523576,2.1527867679724095,-0.311092688258676,20.159475326538086
3836250185899101568,149.7527022739071,2.1741121886767854,1.263851778994419,20.207197189331055
3836250220258613376,149.69874469062646,2.1503317556792343,0.06055848325139059,19.925710678100586
3836250254618358784,149.70650263075692,2.166286908598082,,20.00645637512207
3836250258912990080,149.70135729144394,2.165266948661307,1.316934992355244,19.791370391845703
3836250258913314688,149.7069922751877,2.1589753769718776,,19.9262752532959
3836250323337835776,149.69827413851348,2.1666228373767504,0.36349267049566336,18.45948028564453
3836250460776797056,149.7212678412542,2.185064688024406,1.2512573801172417,19.067333221435547
3836250460777074688,149.72713476958722,2.1896448791280836,1.2990273233381084,20.021486282348633
3836250495136530304,149.76316430589424,2.173311490780661,-0.316466649423236,19.459453582763672
3836250499431481344,149.7686580518379,2.1681338361357274,0.3974071125694796,15.95072078704834
3836250602510888192,149.75814425729678,2.190761411431744,,20.80293083190918
3836250632575492352,149.78028415228886,2.192670515800476,2.7099712445837554,20.30147933959961
3836250666935233664,149.8051003381269,2.2000036993032803,1.784903721603306,19.986574172973633
3836250671230171008,149.80189348025993,2.2060621888391707,0.7372792060916786,16.844682693481445
3836250770014446592,149.7394847743982,2.1935941583734135,0.6346451074371204,17.52301597595215
3836250774309062656,149.73940296977582,2.1938142448016626,,20.15331268310547
3836250838734197376,149.73208992754422,2.199255433056237,,20.141475677490234
3836250873093668480,149.74556120909273,2.2104937985961137,0.10153803730561989,19.243946075439453
3836250877388602496,149.74577566904705,2.2165930942118215,0.5230837425761768,16.48469352722168
3836250877388797696,149.75010953050858,2.2125115772817137,,20.172128677368164
3836250911748340608,149.7647476396267,2.2105736078792257,1.022179414813822,18.67678451538086
3836250941813537408,149.77266430654365,2.22512489256311,,20.77316665649414
3836251010532631680,149.76880630322512,2.2325649617438703,0.1085637742468667,17.694915771484375
3836251044892341632,149.85547690900026,2.166888155748741,3.4803440653519115,18.280818939208984
3836251044892342912,149.85020800699877,2.1699477333901367,0.5660013134699783,19.6608943939209
3836251113611713408,149.8484565056441,2.186004223220197,1.1586348115361857,13.344819068908691
3836251117906769152,149.83833806979789,2.1844294227145293,0.1472441248687564,18.99932098388672
3836251182331189888,149.87985589227625,2.1934443175179053,0.2261368577712835,15.084548950195312
3836251182331308288,149.87956776772293,2.197823239561846,-0.05195497877976374,18.65060043334961
3836251216691046400,149.8846645137011,2.1970325053269746,0.4465129277230245,19.780588150024414
3836251324065384704,149.82530120763514,2.190926606784446,,20.497726440429688
3836251354130365952,149.84123965483982,2.203205940004077,1.2042228673816988,19.837947845458984
3836251388490044160,149.8167128280467,2.1992375801632447,2.066457445405194,19.752891540527344
3836251525928699904,149.84451226371343,2.217181659965297,0.5794376183223187,19.561447143554688
3836251594648177408,149.89529406526432,2.218243402096989,0.39068206730201993,18.55159568786621
3836251663369072768,149.88330760014958,2.2186058477952693,,20.779115676879883
3836251766446877568,149.93650428910226,2.237918383063635,0.10897635158130142,19.516294479370117
3836251835166355712,149.91757108573492,2.243440445017568,2.5235004331869733,19.042011260986328
3836251869526090496,149.88145086243313,2.2320533400649785,1.4114432602018783,20.146251678466797
3836251908180936448,149.8953999492112,2.239474373506629,,20.6993408203125
3836252041324793344,149.91384354711644,2.2605519802459244,0.8322350777769006,17.7536678314209
3836252045619475712,149.90631713378062,2.263447385538762,1.1962651650237572,20.252389907836914
3836252075684532992,149.88687321055983,2.2633921317092223,,20.99041748046875
3836252110044270208,149.89432377953642,2.261004874615334,1.6643557577710961,19.090608596801758
3836252110044273152,149.90527963442472,2.266147208661188,0.8691242080460233,16.029340744018555
3836252148698920320,149.81716681343076,2.2129905782436663,0.9336272552948238,14.879706382751465
3836252316202692352,149.83632489692513,2.2426078809156786,,20.591936111450195
3836252556720863360,149.8086141168883,2.247799112679538,0.22344412119439597,17.484960556030273
3836252556720863872,149.80197873157852,2.2485738928425745,0.4249690928817791,18.14706802368164
3836252659800086272,149.80718810638245,2.264325610706677,0.612962290059335,18.284069061279297
3836252664094994816,149.81390847492392,2.262796559383382,1.5913469552061705,13.58349609375
3836252762879296128,149.83672916124056,2.254599739543165,0.10613232175118639,19.767351150512695
3836252762879297152,149.85193911110926,2.256150356242778,,20.743934631347656
3836252762880612480,149.84411531881955,2.252663544320565,,20.81295394897461
3836252767174208640,149.83342205881274,2.2586890595290376,0.2294010989082257,16.75969886779785
3836252900318259968,149.85790231303747,2.279387144869721,1.5901031386567999,17.912721633911133
3836252904613192064,149.86665538804806,2.274415337738866,,21.420812606811523
3836252904613349248,149.86764929975587,2.274407032689793,0.40154935622016014,19.167112350463867
3836252934678000256,149.8830655160442,2.283289993073061,2.172218512333508,19.374977111816406
3836252934679367424,149.8722543118825,2.287706760241895,,20.484580993652344
3836253003397475456,149.84823071162415,2.28028013379087,,20.22901725769043
3836253072116952832,149.82475129599882,2.28237496904155,0.3148633027762886,20.046878814697266
3836253106478023296,149.85520527727593,2.2903564541869903,,20.888992309570312
3836253076411853184,149.83126319662372,2.276708194322144,0.21276739861562188,15.92391586303711
3836253106476932480,149.8474053329413,2.2818254638772117,1.3289685696450027,19.985614776611328
3836253140836433664,149.86937128416042,2.2922350909904883,-0.015903988630928536,17.684162139892578
3836253140836434432,149.85509997239402,2.293702583462319,0.5503786825603905,18.532970428466797
3836253140837783424,149.86615586269969,2.2921620799886093,,20.510786056518555
3836253175196170368,149.84168698277426,2.287722994106525,0.7389136704884713,17.840953826904297
3836253175196172288,149.84817130766754,2.292874754329843,-0.8234614436228258,19.803327560424805
3836253175196174848,149.8423987719129,2.3005814639808735,,21.035398483276367
3836253209559471104,149.85120687105734,2.3036194323980914,,16.629037857055664
3836253213850994304,149.8510953924887,2.3035415475881535,,17.11097526550293
3836253248210566400,149.6775332903244,2.1821604631384464,1.1438844297434783,15.194787979125977
3836253248210566528,149.67803495480862,2.182268046123156,1.3462023689161253,16.07372283935547
3836253312634968832,149.66508673717226,2.188952397925223,2.3175697273903206,14.379698753356934
3836253312635080704,149.66234989810266,2.182998419343447,1.0424793580121083,18.08293342590332
3836253316930029952,149.66723948120543,2.1861863884843413,0.8191508763265218,19.560115814208984
3836253381354558976,149.7002538125631,2.1853372434740304,0.0588888069501771,17.41623306274414
3836253415714304512,149.70267199242176,2.2024930371085194,3.619432409983961,16.2668399810791
3836253450074041984,149.6825532190847,2.200855118941512,0.6036671807870033,20.171653747558594
3836253488728903168,149.69591804187024,2.2081282197412113,,21.009244918823242
3836253553153259136,149.6657473931718,2.2050635493572233,0.030498851133242237,17.073970794677734
3836253557448081024,149.6632294396645,2.1973650527941557,,20.84459686279297
3836253587512995328,149.6501726494865,2.2002794559455827,1.4456569995033783,18.206411361694336
3836253724951954688,149.66173408955402,2.215118383665613,0.7597492456786272,17.99502182006836
3836253759311696768,149.6785781359953,2.223341396555502,,20.56596565246582
3836253793671428224,149.72653871064088,2.2057730677126295,1.2133194472972628,16.906949996948242
3836253828031172480,149.73895669057282,2.22069234708831,,20.7056941986084
3836253862390913664,149.71039879275574,2.227566440900332,0.7276247455841339,19.017635345458984
3836253931110390528,149.7439734023361,2.2282645548936477,0.8296923451206744,19.792470932006836
3836253999829873024,149.72796832439485,2.2440591324895287,,20.3060302734375
3836254038484307712,149.73846386390184,2.244027402235667,,20.220720291137695
3836254038484531584,149.74876636185843,2.251430989559319,0.25916712693050864,15.932249069213867
3836254038484531840,149.74388926162788,2.2497564631894718,,20.24868392944336
3836254102910115840,149.70959322025587,2.2395699504254214,,20.953815460205078
3836254141563340928,149.68230506552885,2.2374311153313373,3.3712434997635428,18.780132293701172
3836254141563703168,149.68168675902314,2.2366884526027753,3.477497719097517,13.54052734375
3836254171629581184,149.70400387133236,2.245855765117053,,20.784626007080078
3836254240348048512,149.73108416882562,2.2599193463254985,0.03194181607268583,18.220069885253906
3836254377786984064,149.64920472738063,2.216499795900368,0.9491666207109357,18.650070190429688
3836254446506467072,149.63979015896837,2.2301849622051653,,20.19919776916504
3836254446506665600,149.6336093718399,2.236221967217592,,20.906532287597656
3836254519520826240,149.65884523430606,2.23898364689174,0.6047644293423591,15.093486785888672
3836254622600043648,149.61917681874186,2.2278288957751076,0.4994629665521215,17.86958122253418
3836254652665768320,149.62285984631262,2.2416652122872613,,21.013362884521484
3836254687024641664,149.60030430388534,2.247181693669836,1.1939731915791054,19.07546043395996
3836254691319521280,149.59750823825925,2.238599250586864,0.42901900590736336,15.196885108947754
3836254721384574848,149.61158433406987,2.2570901352559325,,20.95473861694336
3836254790103859328,149.642032680819,2.2537933810327444,1.4529615953392279,17.495092391967773
3836254858823344896,149.63129003418786,2.272960510573652,1.0505850499412481,19.07054328918457
3836254893183070720,149.67401912346452,2.2447323269336352,,20.954008102416992
3836254893183071616,149.67293399183166,2.2462818768721347,-0.7826387225015731,19.402019500732422
3836255064981774464,149.70909642200152,2.2723514618911103,0.049901819221106564,19.16332244873047
3836255069276459392,149.7109386944245,2.2842152623132663,,20.2078914642334
3836255069276856064,149.7075720998976,2.2733310833893507,1.49419710961652,19.308767318725586
3836255133701255168,149.70076695076497,2.282514063048952,0.33526372911993985,19.057180404663086
3836255133701256320,149.70879116359012,2.2841994225261977,0.2747169509915289,16.473968505859375
3836255137996343808,149.70088144857687,2.277122846661064,0.6358499304889484,19.98073387145996
3836255202420729856,149.6650123878969,2.2755361865520047,0.11138534238724156,18.2258358001709
3836255236780820352,149.64872571713283,2.275061194187794,1.828586562473894,20.570026397705078
3836255305499947136,149.6760540373369,2.2826193988665273,0.2199753768342523,19.0532169342041
3836255339859688448,149.68836989705176,2.2910167634655885,2.1818404270830567,18.54330062866211
3836255442938886912,149.7652369792815,2.2509268825608646,0.6581594077685592,19.161001205444336
3836255442939079808,149.76131020461352,2.249491113608642,0.37033988503661736,19.692428588867188
3836255481593542272,149.7770905501759,2.2610060099846483,1.2990590621952445,15.085058212280273
3836255511659499776,149.75956231373922,2.2555854213447417,,20.724754333496094
3836255546019268352,149.77245286640027,2.263721314759736,,20.81962776184082
3836255580377849088,149.78876156775812,2.2691558692040656,0.4408841750527102,18.314088821411133
3836255614737591168,149.7994306147594,2.2793842495247123,3.493082037014828,16.672391891479492
3836255683457070080,149.78356291437044,2.2842896897854335,0.6159840038549832,19.540531158447266
3836255683457071872,149.78219838454046,2.288819212297927,0.6326672081947076,16.929956436157227
3836255687752166144,149.79578830585695,2.2856006133688047,,20.06417465209961
3836255717816800512,149.7443802981416,2.2637391983767574,0.09461295421177116,19.37099266052246
3836255752176543488,149.76374572682272,2.275327347870832,-0.11285426140074933,19.18537139892578
3836255786536283648,149.7307602896593,2.2814035447906904,,20.603965759277344
3836255855255759232,149.7653523410031,2.27743388745114,,20.568761825561523
3836255958334987776,149.76307879255748,2.3108252556581355,2.0951303427330106,19.67389488220215
3836256061414194816,149.80009055200497,2.291905456038248,0.8330478335822556,18.339141845703125
3836256065709092608,149.79794857774044,2.2925255379039435,1.585023433194282,16.564659118652344
3836256198853157632,149.82788924150952,2.313101619002162,2.6060354015181377,18.927242279052734
3836256267572630784,149.78359846606074,2.3050968018237916,1.5441628654415391,16.77913475036621
3836256301933563008,149.79513045064,2.3154799276723237,,21.049184799194336
3836256306227212160,149.80251709034235,2.318598535778178,3.189113830265213,15.51883602142334
3836256340586999424,149.7848885911752,2.313763918482126,-0.1647557645129421,19.90753173828125
3836256370651851776,149.78976506217,2.321201240590616,,20.981672286987305
3836256374946779520,149.7879285549474,2.326648930259902,,21.34098243713379
3836256409306058112,149.80838955790747,2.323391763086055,-0.30301834306320896,20.616273880004883
3836256443666211840,149.8252385316032,2.33419240258405,1.503458267275533,20.363445281982422
3836256581105123072,149.7332115716936,2.301256446761384,0.8855105534565758,19.368711471557617
3836256611170009856,149.70889799483803,2.2951662121847747,-0.019289091215708862,17.74064064025879
3836256649824600320,149.7166331743798,2.303735795092409,,21.149280548095703
3836256782969766528,149.7355853611402,2.32050585595978,,20.89259147644043
3836256782969788800,149.746061589003,2.322557996745125,,20.702899932861328
3836256817328279424,149.69842479570002,2.304146337876677,1.2987313862774208,13.777640342712402
3836256817329416960,149.69475040237967,2.2997864417702405,,20.80204963684082
3836256954767403776,149.7185097276419,2.3199091773834226,-0.3749266184380123,19.723623275756836
3836256954767631360,149.71781228281523,2.321180050663757,,20.312170028686523
3836256959062244864,149.72210291329299,2.321582663788036,1.2571533482360548,12.718531608581543
3836257092206356864,149.76150287842287,2.318438980904609,-0.38437726155369095,18.924116134643555
3836257160925838976,149.75871266833335,2.336933970495103,0.8666352138726939,17.79768180847168
3836257195285578240,149.7679860903748,2.338338145627946,0.45356788222502975,18.516834259033203
3836257229645316096,149.78334971055642,2.3379714565341567,1.637211240675799,19.662433624267578
3836257298364796672,149.76983592518434,2.3484334751482763,1.8181307987786672,19.81000518798828
3836257302659625984,149.7661521317744,2.3507661276245115,0.6010358453401068,17.4881649017334
3836257405738841600,149.750442143673,2.34850413120228,1.6184039998888966,13.098369598388672
3836257538882783488,149.77360598270104,2.3731391656719123,1.1880093840315176,14.929580688476562
3836257538884097280,149.77421045892717,2.374122646794491,-0.27189094345208686,18.282106399536133
3836257641962074368,150.1131548002082,2.0945396919935155,0.3695890842088095,17.767898559570312
3836257646257049600,150.11217423327346,2.100609437941053,0.8508182255503054,14.566349029541016
3836257646257124992,150.1172013593829,2.0906633242251975,,20.856170654296875
3836257676321364480,150.13013613297434,2.1084096855967123,-0.020487572284260996,19.658279418945312
3836257676321450496,150.1248119448729,2.103357503573241,1.8487456584297401,20.093976974487305
3836257676321487360,150.12315012363572,2.108187117520771,,20.311508178710938
3836257710681556224,150.10199844257133,2.1054655531848177,-0.07373671897225323,19.77509880065918
3836257710683414400,150.11084150544943,2.104358444534453,,20.634666442871094
3836257783696002048,150.13699394036868,2.114694488947477,2.1339980641642504,16.416353225708008
3836257813760318208,150.1443948572647,2.12346477909859,0.18444803594197468,18.35139274597168
3836257813760318464,150.14920776319317,2.1261785692944306,0.2140847559329652,17.839527130126953
3836257882479792640,150.13562648251704,2.140485489522453,1.9240766769677486,11.656044960021973
3836257985559705856,150.0828657510421,2.1297116190412013,,20.717607498168945
3836258024214365056,150.09426461089188,2.139320788328195,,20.935617446899414
3836258054278487680,150.1133684785358,2.1389950014321255,0.45816471218016963,19.69600486755371
3836258088638222720,150.12625241322863,2.152232142694458,1.4637653523729122,14.957212448120117
3836258122998660992,150.10487864153842,2.1466553140757125,,20.938051223754883
3836258157357699328,150.11073323141434,2.153830395821454,1.2242864240218412,14.761798858642578
3836258157360015872,150.11241465018685,2.1543179463911843,1.4192513162895755,18.359399795532227
3836258191717441024,150.16673606976966,2.1342644636450494,0.6741558244681302,18.26548194885254
3836258191717526144,150.1583947039496,2.1395545463432666,-1.0785372819384174,20.28352928161621
3836258196012860544,150.16894141498543,2.1340779114509516,0.33345645655033984,20.297531127929688
3836258367811550208,150.20404159849426,2.1633046850319335,0.0178101779457829,16.458730697631836
3836258367811551104,150.18402321757176,2.1633803085024708,0.9014564562995592,17.078834533691406
3836258397875872000,150.16628689179387,2.1600050684171515,-0.18585490977233937,20.466232299804688
3836258432235611264,150.1848631824295,2.168624472179218,,21.285587310791016
3836258500955088256,150.1502230485477,2.1702100579628314,4.823224173410281,16.93570327758789
3836258707113602304,150.15461313500938,2.193494063788182,1.0986698048383488,20.59815788269043
3836258707113627264,150.1682581515167,2.1904369061465125,,20.76093101501465
3836258745768342272,150.06671658557556,2.1378006318258005,1.2771783171871138,20.346004486083984
3836258745768678144,150.08046696501157,2.1330374339746854,5.533900952357458,14.680736541748047
3836258775833459840,150.08727429314342,2.139947010998403,1.2353200482209181,19.765586853027344
3836258775833464192,150.08573568714667,2.146685964788726,5.040624439901386,17.681655883789062
3836258775833465472,150.08281842316225,2.148727392367901,0.013077633337424985,19.562976837158203
3836258780128077824,150.08374465919934,2.1459570866454256,0.9275569980661819,20.487667083740234
3836258810193119360,150.06129022110463,2.1526501743108457,0.7586960749369696,14.269781112670898
3836258848848086272,150.0669295351116,2.1526647947479556,0.9125350820982788,19.589874267578125
3836258913271948544,150.10985872287125,2.1698420434993384,0.6741179340579702,16.891067504882812
3836258981991906688,150.0925082287587,2.172093814273348,0.9726564984792371,18.944129943847656
3836259016351859456,150.0488736103747,2.14989521790561,1.5190945448249362,19.773372650146484
3836259020646585856,150.04911049001817,2.157304498345908,2.327901122794387,12.37138557434082
3836259020646778240,150.04323517573454,2.156003633972999,,19.226123809814453
3836259089366062848,150.03699845213544,2.1660995827656,,21.143198013305664
3836259188150338816,150.0830535990751,2.175342948649644,0.716662401242037,18.965301513671875
3836259188150619520,150.08094645511338,2.1799192571084083,1.1808010061785992,20.705060958862305
3836259325591139456,150.1249664398605,2.182343413443599,0.4911786258426949,20.632341384887695
3836259359948547584,150.10776125015735,2.1803801015525535,-0.3449582097883325,19.969703674316406
3836259364243965568,150.11517192304592,2.1828347642493244,0.6291422049006842,17.764842987060547
3836259364243965696,150.1106387283839,2.1876986106462595,4.487714273717054,16.052623748779297
3836259432963441408,150.13587590591965,2.1895953784345408,0.8470151490212027,14.846902847290039
3836259600466717952,150.09908854917842,2.2003974544993126,-0.22816456078847971,18.684919357299805
3836259639122068096,150.07583967547382,2.203352856696267,,20.866743087768555
3836259669186894976,150.09114040296757,2.209143124797011,0.48360502077065276,20.257770538330078
3836259673481273600,150.08958464706106,2.2148627503853318,1.7487770305856096,17.231945037841797
3836259673481611136,150.08928654178786,2.2149680999142016,1.5888479500592576,19.783946990966797
3836259703545933952,150.11512558188284,2.210069969841884,1.1780437234696133,19.0402774810791
3836259707841348608,150.11716188285246,2.209330463680804,0.45659681302828925,18.751386642456055
3836259776560825728,150.0955978007733,2.220133350568049,-0.36750385930924184,19.19357681274414
3836259845280017664,150.20574839977434,2.170798345900945,0.8931066726078848,20.54592514038086
3836259875344623744,150.21878607522171,2.1879899173097757,0.39188934089462046,15.827408790588379
3836259879639850752,150.2230910123109,2.183420656738458,1.9499725668991439,20.242290496826172
3836259909704361600,150.1918315081882,2.1812353402458786,0.11857994026241478,19.646419525146484
3836259944064100608,150.2084159227825,2.18880184285891,-0.18208079236024208,19.1115665435791
3836259944064100992,150.19679493774407,2.194021273049449,0.06331585867005851,19.383445739746094
3836260017078990336,150.23613083972307,2.208897832914838,1.9025018029244198,16.634756088256836
3836260047143398784,150.21465591620634,2.2042589168920292,,20.717870712280273
3836260081503056128,150.22853816775003,2.2107298779164264,0.9789961996048985,15.969188690185547
3836260184582270336,150.1754099606835,2.204720047516587,0.3382837187206922,19.973167419433594
3836260218942008832,150.18304718625527,2.2062824888548738,0.21831089904274542,19.91620635986328
3836260223237451904,150.18316122871897,2.207044368936873,0.5708231259882766,19.968976974487305
3836260253301739520,150.19995568276073,2.2093413177374344,1.0694347933681463,15.006818771362305
3836260253301748096,150.21122869343114,2.212179109887572,0.4286842440938509,18.18460464477539
3836260257597159936,150.20029615850095,2.209720996779945,1.074114680521944,16.345386505126953
3836260356383952896,150.19475603465085,2.2298583084448373,0.7324317837308263,19.473981857299805
3836260425100521600,150.26696875269556,2.222490692434392,-0.01444243116736318,20.097537994384766
3836260425102908416,150.261087519501,2.2226739512322067,,20.91757583618164
3836260459460169600,150.23972073804876,2.226362748112523,0.4410938854940623,15.581342697143555
3836260493819918336,150.24587469207898,2.2262898587776307,0.5198051941222521,17.89075469970703
3836260528179657472,150.26901232757717,2.232067854756542,1.1942190079897421,19.668310165405273
3836260528179737088,150.27213383795328,2.2300822431570237,,20.91739273071289
3836260596899134848,150.26577463892912,2.2371280526301467,0.8540849290448974,18.289918899536133
3836260669914061184,150.23007679322885,2.2342120362821727,,20.78948211669922
3836260704273756800,150.2340389079715,2.2434522754418547,-0.18051501608012052,17.269794464111328
3836260768697828096,150.22563790115265,2.2530437657486995,0.4299022722741938,19.456642150878906
3836260871779484672,150.2325085213383,2.2529900618985534,,20.92490577697754
3836260876072448256,150.23900140814843,2.251928652407286,0.9433170261708265,16.829599380493164
3836260906136768000,150.24787139457814,2.2598716500976144,0.3619512312088633,14.131194114685059
3836261009215992320,150.15023064467,2.2123754068534547,0.21240357095666978,18.865137100219727
3836261009215992960,150.14354108900176,2.218460912674216,1.201222676791821,17.27057456970215
3836261009216073728,150.1444262269634,2.215796542040235,-0.48642866970694165,20.647584915161133
3836261043575732608,150.1573869250516,2.2289391130514042,1.4017040277559865,19.616615295410156
3836261112295209984,150.19377472005172,2.236473934574932,,20.476051330566406
3836261112295210880,150.19356847139443,2.243966061861019,0.39581002966802875,18.94588851928711
3836261146654948480,150.1679191291141,2.236253110934042,-0.22639072883838082,19.76081657409668
3836261215374528384,150.13757555994394,2.2286577062311035,-1.0007742408537232,20.4165096282959
3836261254029573376,150.15015016140646,2.2361754284349296,0.6972353946191865,16.903461456298828
3836261284093902464,150.1332768010673,2.2411987080438993,1.0589891378302843,19.555252075195312
3836261322749049984,150.1447706935164,2.244888185031244,0.5928489179544674,14.465628623962402
3836261387173250560,150.16937666701375,2.2636428973766995,2.5700781899480565,19.878999710083008
3836261524612072064,150.21079788352625,2.2526961564115946,-0.7726656031046482,20.352933883666992
3836261593331680896,150.20576644781437,2.2644827501986575,2.7046473917656613,20.50970458984375
3836261597626954880,150.20975679156396,2.264517658639036,11.185354221841587,16.060155868530273
3836261627691288064,150.2270146817859,2.2681132142725113,3.4742195311960304,19.090524673461914
3836261696410765440,150.2199107282558,2.277117464013987,0.12869880092293506,19.778797149658203
3836261700706169216,150.22141864459246,2.2758454174824734,0.6071183091101442,15.54638671875
3836261765130318848,150.18445053666002,2.2601821393282058,,20.670743942260742
3836261769425647488,150.18144805567718,2.2712602703092863,1.3117899899475969,14.234216690063477
3836261799489965312,150.18776170708134,2.276946547992155,4.905789515775136,13.312825202941895
3836261833849719168,150.17771241098959,2.2778007275581174,0.42472019349093637,17.55141830444336
3836261833849719424,150.17051828184267,2.2795595929741745,-0.6217204210913827,20.099353790283203
3836261872504862080,150.18470799347008,2.2888076963905784,0.237506977490896,18.88412857055664
3836261902569197952,150.20740519668755,2.2869874990242613,0.6033356517138472,17.46698760986328
3836261971288676480,150.1886785290551,2.296674956669769,,21.02334976196289
3836262009943814656,150.2002174391035,2.304700231228062,0.270271743140834,16.703720092773438
3836262040008622336,150.0356910266302,2.1735904057090614,0.284032030592055,17.477516174316406
3836262044303562752,150.03064749478685,2.1725661769431266,0.28446147462634286,17.10474967956543
3836262074368363008,150.04410925864786,2.1789427232777823,1.862682510255325,20.000614166259766
3836262074368363648,150.04707133286817,2.180451098140652,0.7590397518097465,18.0306396484375
3836262074368364800,150.04394094617825,2.1830473146687024,0.7764340807878312,16.66594886779785
3836262108728104960,150.01307196797305,2.1870462271966993,2.6093999924822415,17.949644088745117
3836262108729777152,150.01592379739083,2.185358277194645,3.27954206397891,20.71242332458496
3836262181742514432,150.04651566376847,2.188292788664559,2.1039148319173533,17.083120346069336
3836262181742717312,150.0506522821474,2.192947070633065,,21.509126663208008
3836262211807328128,150.05718263604197,2.2059106195320695,,20.395671844482422
3836262246168776960,150.0441411118256,2.195828839574945,,20.810302734375
3836262250461990784,150.04893410041998,2.1996117138359788,0.8378473180136498,15.252928733825684
3836262280526809600,150.04968902069493,2.2171457413708096,,21.10325813293457
3836262349246279040,150.01613936778037,2.1993947764405264,0.2667193006013107,17.11368751525879
3836262383606018176,150.0017593362072,2.20172166261237,0.818087860229935,19.20018768310547
3836262383607656448,149.99916406973622,2.204131903515099,,20.803668975830078
3836262417965760768,150.0092204321244,2.2143169196960004,0.2078918055081144,20.021310806274414
3836262521044981632,150.0200808322397,2.2244163460138338,-0.3549998502425722,19.81275177001953
3836262589764720640,150.0729710656827,2.2162914121367367,,20.52265739440918
3836262624124194944,150.0856878831174,2.2206563455674355,2.543827892034808,19.45712661743164
3836262624124196992,150.07951196479092,2.2249679017471298,0.504900554085746,19.74209213256836
3836262628419110400,150.09126711209296,2.217155792802094,0.11106819183540871,19.876394271850586
3836262628419111424,150.07600144670158,2.220264887763851,0.892474578687786,16.283735275268555
3836262658484134272,150.06161974630766,2.21986075797253,-0.15348464797167624,20.448040008544922
3836262662778849920,150.06295427326702,2.22445330382435,0.7582541380193075,17.705493927001953
3836262731498324864,150.10397923443404,2.22791267857869,0.8963721761338069,16.778249740600586
3836262795922769408,150.08838922296235,2.2435725921617933,0.7679429131590484,14.85603141784668
3836262795924650368,150.08175698855484,2.2408095098983583,,21.164636611938477
3836262903296794880,150.06606423979392,2.2421095872787213,1.620454730872347,20.10572052001953
3836262933361846400,150.03424551963272,2.235569320086767,-0.28202212788328196,20.597131729125977
3836262933361849088,150.03718402864402,2.244618856165573,0.28252382412625326,19.691375732421875
3836262933363527808,150.03455679015372,2.2396964197584435,0.09233408592826324,20.629928588867188
3836263002081328640,150.07825791287686,2.252466119929178,1.3080650876040822,19.90155601501465
3836263002083067520,150.07268208405696,2.246097834645173,,20.750869750976562
3836263105160738176,150.06574004833507,2.267252178434732,,20.867164611816406
3836263105162277248,150.06858433092583,2.2716560119645144,,20.821937561035156
3836263139520266624,149.98072327015473,2.214307999146294,-0.06844434293724902,19.016704559326172
3836263212534668032,149.97216667239528,2.221688041043865,-0.33880231222632096,19.286392211914062
3836263276959225344,150.00903490964558,2.2238667594011767,0.8807698759888413,20.187421798706055
3836263276959229184,150.00885660053288,2.2326486635640435,0.7313705466541649,16.82728385925293
3836263276960865024,150.00555834145658,2.2239373335969677,0.7861296171042707,19.431365966796875
3836263276960867584,150.00731301891562,2.2350790539253906,,21.041996002197266
3836263281254143360,150.00609268930594,2.2224098694703445,0.9733265801510381,14.262076377868652
3836263414398184448,149.96304552151068,2.238139093927207,4.340477030521491,17.295381546020508
3836263418693098112,149.96444093497644,2.2343690288226616,4.595359208089089,16.671337127685547
3836263448757921408,149.97283968215777,2.2335892765925305,0.8797521610115127,17.93096923828125
3836263483117657600,149.95260260242267,2.2297684670445728,-0.9225082403232336,19.6852970123291
3836263586198492032,149.99486356603006,2.2503776282955053,2.973920571119377,17.346607208251953
3836263590491788160,149.9941354984789,2.250221939516597,0.6638118589181944,16.41568946838379
3836263620556621824,149.97842541387655,2.2585205660115304,2.382242204105982,19.282196044921875
3836263620556624128,149.97218930329686,2.2626372377513615,-0.06020386056593125,18.963966369628906
3836263624851526784,149.98224054625047,2.259547823032106,0.7864982998979516,17.494688034057617
3836263654916365440,149.9920133966518,2.2687981512232356,,20.592090606689453
3836263689276091776,150.03005131372552,2.2406493512143797,-0.1421644736993391,18.777780532836914
3836263792355317632,150.02691716371874,2.265179460883209,1.69415098545378,18.95982551574707
3836263796650216576,150.0294655135248,2.2629920164667965,1.153555788591591,17.177696228027344
3836263861074658560,150.06714715622832,2.2730752295476715,2.06065516491444,13.580552101135254
3836263899729430528,150.04555429451975,2.272943306818952,0.7954270536808452,14.538749694824219
3836263964154009984,150.0063941290312,2.2656841418543943,0.35909434986713856,17.979684829711914
3836264002808684032,150.00923827036863,2.2755310787458605,,20.698610305786133
3836264032873489920,149.992743624911,2.275601264861586,-0.36216272372771163,20.098140716552734
3836264170312450944,150.00967704979215,2.2954671029060116,0.7504386445187218,16.983291625976562
3836264204672192512,150.02763750800725,2.3037670787022977,0.6430108184384585,17.65030288696289
3836264243326812544,150.11563600064858,2.2450382386942387,1.963275769900401,14.592697143554688
3836264376470357120,150.14086704686116,2.261033556384724,1.980883893304847,18.232980728149414
3836264415125502592,150.14790336437432,2.2804235374445723,0.4892514697604191,16.053640365600586
3836264445189965696,150.12229058999748,2.2791387542537294,,20.85497283935547
3836264483844979072,150.1463890705043,2.285724168689205,0.47287657282003637,16.57303810119629
3836264621283934208,150.08904956189104,2.2886203499231224,0.5792409779928769,17.581951141357422
3836264655643712256,150.12252745505305,2.286327046439754,4.355523047040946,20.207075119018555
3836264754427581824,150.1134309560239,2.300287776301922,1.5770086187889334,20.302583694458008
3836264758722546560,150.1201974403393,2.3093590050457657,1.4638312806110507,20.003562927246094
3836264788787221760,150.1586783296912,2.290349663890105,-0.38857590915773876,19.7818603515625
3836264891866571136,150.16163922153203,2.2960084202593096,0.4605419395431659,20.307661056518555
3836264960588305536,150.18748512501173,2.3139580621383566,,20.940885543823242
3836265166744349696,150.13628591845708,2.3279889558447113,0.9188971179978097,19.268442153930664
3836265201104085888,150.16887322189456,2.320706045420682,1.2519891179561602,20.383068084716797
3836265201104086528,150.16370259724616,2.3235144823338287,0.8248617132935521,19.937700271606445
3836265235463827072,150.1714722890672,2.33014911421926,0.44473226369206226,16.50567054748535
3836265235463897216,150.17638017418264,2.332548079256062,0.005750967329658636,20.559370040893555
3836265269823635840,150.14053403442796,2.3331179179522166,1.0845299878509143,19.881093978881836
3836265269825913984,150.15466455445565,2.331854946578327,1.4637482163475815,20.686994552612305
3836265407263031680,150.06178591702036,2.293323208521369,2.667743976026969,18.10881805419922
3836265411557917312,150.06452441059358,2.3004940833286858,0.4162065672409833,15.578125
3836265441622771072,150.07162044272658,2.2974412513252966,0.13260337141171066,20.393735885620117
3836265441622771712,150.07733796969273,2.298550598572729,0.7314217158149208,17.97844696044922
3836265682140948224,150.03940154900917,2.3159601894988975,2.4303712517675957,15.937115669250488
3836265785219641856,150.0886920356133,2.3361094549430024,0.7710117373962008,19.633214950561523
3836265785219733760,150.08575179803245,2.3334367757707644,2.060201701996405,20.039749145507812
3836265789515038336,150.0765839873677,2.330490364357962,1.3684544949744046,15.14462947845459
3836265922658595968,150.13016295629936,2.338800842477358,0.9395983637539792,19.080181121826172
3836265957018332288,150.10216214237866,2.3283204327150173,0.2783812622972381,19.312450408935547
3836266025737811200,150.1369925112183,2.339364763902131,1.4904573687536373,17.98891258239746
3836266030033204992,150.13382290380372,2.343334213785847,1.432756662825338,15.508630752563477
3836266060097640832,150.14548422361423,2.348301240037167,0.1504261847982172,20.701051712036133
3836266060097675776,150.15499823054327,2.348384678507878,1.911678859005621,20.567686080932617
3836266094459604608,150.13110022922476,2.348326619201114,,20.788745880126953
3836266098752681600,150.13275345153048,2.34796281072304,0.10874529463504268,15.292618751525879
3836266128817032064,150.14933841804526,2.3596845009704355,2.7028036639473068,18.466073989868164
3836266133112419328,150.14661840291072,2.3615134131394084,1.5484845087359327,13.252402305603027
3836266197536505472,150.097147844433,2.350719325850922,1.221261762642339,19.742042541503906
3836266197536505984,150.10200178839403,2.3524871008123016,,21.28334617614746
3836266197536506880,150.1001239295805,2.354402707649901,8.57751524888544,18.37105941772461
3836266201831897344,150.10584157280144,2.3557809293958782,1.5480853768193696,13.741931915283203
3836266231896245120,150.08946554856436,2.3539512512612335,0.6038038448064501,18.22287368774414
3836266231896246144,150.08093369225998,2.355981520917774,0.2257431025117303,19.590505599975586
3836266231896367744,150.08300917643768,2.354986846977658,,20.682722091674805
3836266266255983744,150.09857468916152,2.353904826346077,0.8698198506019273,18.96738052368164
3836266266255984768,150.09884116598246,2.3576146420151947,0.8151481122739611,19.744630813598633
3836266300615721344,150.1144322648898,2.3530803546932013,0.1927451137651766,19.587928771972656
3836266304911112192,150.11378307216435,2.3607104179544347,,21.160728454589844
3836266304911153664,150.1143230182718,2.3564694391418346,,21.200769424438477
3836266334975463552,150.12996117357238,2.36465933944369,,21.351415634155273
3836266369335315840,150.10126198717538,2.3661736264579702,,20.59514045715332
3836266438054658304,150.28557866563798,2.2499190477347333,0.5145293822522846,17.746131896972656
3836266541133874560,150.28528208100616,2.265476211243388,-0.3027701035743294,20.12163543701172
3836266575493714560,150.3223172548757,2.2652310938400992,2.430190844331777,20.576473236083984
3836266609853351552,150.3303983302103,2.2711942948562953,-0.03808544340664181,19.682405471801758
3836266678575332352,150.31987245419953,2.287210450432254,0.7853748365073375,16.77164649963379
3836266682868431616,150.3197040571402,2.2866362937390754,,21.461618423461914
3836266747292306688,150.2788938186565,2.2818868473727534,0.0012349780242333769,18.807546615600586
3836266751587365120,150.2879978756222,2.276947877163261,,20.78459358215332
3836266751587908608,150.28463480407714,2.2788150722624994,,20.434946060180664
3836266781652044288,150.25277656772576,2.278178715583753,,20.913461685180664
3836266781654500736,150.25386049934767,2.2773170795171724,,20.728233337402344
3836266820307184128,150.2608288908174,2.285743354250248,1.5048447513099465,17.515535354614258
3836266820307385472,150.26619205901864,2.287169111759068,,20.47467803955078
3836266850371598208,150.29761712775783,2.282035526412524,,20.76778221130371
3836266850371633792,150.29048560580534,2.2859040187882695,-0.3094185445022934,20.401660919189453
3836266987810475008,150.34141646428503,2.2810209897698446,0.14489368072312908,20.205425262451172
3836267022170216192,150.34044790400145,2.2926948650584404,0.988348209201299,16.957544326782227
3836267022170217216,150.34542815286994,2.298744302020291,0.6623002380386367,19.773052215576172
3836267060825007360,150.32944443657635,2.290030715679405,-0.6595232807645124,18.5019474029541
3836267060825350528,150.32968171338393,2.289753990953753,0.23209758114545664,18.4383544921875
3836267090889694720,150.33556232744942,2.304931645345328,,21.19745445251465
3836267193968910336,150.35505145675103,2.3128138265272216,1.1955385951221387,18.76401138305664
3836267228328649472,150.36269752106494,2.3202895578926594,-0.24391790689384096,20.216041564941406
3836267232624041088,150.35868762864288,2.317278968077905,0.5844728452976468,15.745237350463867
3836267297048125824,150.32392818421675,2.3177885279569583,0.5786756185552571,17.96889305114746
3836267331410350720,150.3019901833308,2.3104039738588846,,20.80514907836914
3836267404422461184,150.33389478854232,2.328624185415886,4.14923828403307,20.28533172607422
3836267434487081472,150.34815843763977,2.3269638341356984,0.14248455254801803,17.58134651184082
3836267438782248576,150.35075741130728,2.338050236784681,,21.11287498474121
3836267503209063552,150.3398481903499,2.3455326352317836,-0.29180586072944725,20.76803207397461
3836267571926028544,150.25983606962296,2.287454252343947,-1.2306079757081974,20.349422454833984
3836267606285769600,150.23826211949802,2.2988923186581554,0.9084398222188189,17.900197982788086
3836267640645508096,150.24631025726504,2.2990476593580698,0.8753280920609439,19.535411834716797
3836267640645508864,150.2538860397756,2.3090241769070627,0.7361684397558135,18.993724822998047
3836267640647960320,150.25386582954266,2.306518194070982,,20.81989288330078
3836267644940905088,150.24866588801584,2.297212022855931,1.5891821422472483,17.196365356445312
3836267778084462848,150.2697433104019,2.315719989671004,0.6888727469413114,19.364896774291992
3836267778084463104,150.27640501466757,2.3187691373793786,,20.755849838256836
3836267984242897920,150.25759673703334,2.3384220798775575,0.936545918149064,17.067733764648438
3836268018602635904,150.24258894312797,2.33672001636989,2.853261020847087,17.977266311645508
3836268091617158784,150.29628396932605,2.3274265515325645,-1.6599287507948517,20.41857147216797
3836268156041589120,150.27966504907502,2.3355860281500385,0.04195972485387074,19.300413131713867
3836268190403802880,150.29083020584335,2.336409418661329,,20.98138427734375
3836268224761197824,150.3181441390193,2.336095230100207,0.20726761060897875,20.698884963989258
3836268293480545280,150.3035398616162,2.347395893000247,0.46834391398526043,18.604795455932617
3836268293480546176,150.3101495644606,2.3517635731229443,0.8789476065394871,18.04958152770996
3836268327840352512,150.31334045346443,2.3628692798337285,-1.3165977466289176,20.6419677734375
3836268400855147008,150.27630389392624,2.3526123838901234,0.9943743468664645,18.031478881835938
3836268637077923456,150.3746992508533,2.324122454891331,-0.7463715004488849,19.568342208862305
3836268641373039616,150.3865943338621,2.3267101338553258,0.0053441306324506915,19.99811363220215
3836268740157143936,150.38003518151453,2.346733132765511,1.2174638826413093,18.151968002319336
3836268843236360704,150.39081372301453,2.3531391059433115,1.9853986668195036,19.670164108276367
3836268877596099968,150.40568099424766,2.3548675413158153,0.08720524316894912,18.6279354095459
3836268877598621952,150.40191930620747,2.3556811436557914,1.1746636506456998,20.569894790649414
3836268881891522048,150.39854369214348,2.3612186472917607,,20.781320571899414
3836268911955937280,150.3535989460025,2.342162542705928,,20.575599670410156
3836268911958339584,150.34893488611348,2.3411786582302465,,20.802444458007812
3836268916251424384,150.36433360532536,2.344081345176892,2.3489795516670338,19.869876861572266
3836268980675312896,150.34585046774478,2.347937469571377,2.271646292377852,17.84088134765625
3836268980675313152,150.34543061773445,2.349898212034576,2.4999492681517865,18.868824005126953
3836269049394794240,150.37505785013389,2.3622572753136706,-0.6321773919972865,19.383140563964844
3836269083754534528,150.38978102457318,2.3749050814235035,3.0087385186095914,19.26097869873047
3836269083754534784,150.39533732897146,2.3754541690776816,0.9918272591128934,17.604612350463867
3836269083754618240,150.38809409858345,2.375142931968045,0.38096525660079533,20.472057342529297
3836269083757048064,150.39007917547474,2.3769942803038426,1.2230490302276484,19.429000854492188
3836269088049910912,150.391406892839,2.3768644883003023,0.7709308694821807,16.13956069946289
3836269118114271744,150.36642018652748,2.3683387356485337,0.6194217432962567,19.58112907409668
3836269118114272000,150.37549225057674,2.3708323447804585,,21.18208885192871
3836269152474010880,150.37988777455894,2.371506433271631,0.108506690631487,19.937862396240234
3836269152474129408,150.38017584508623,2.3760292927954096,0.6806207404698794,20.59060287475586
3836269289913087616,150.42353783237752,2.3841123243917717,,20.789106369018555
3836269431647293312,150.43927217450528,2.3953315280760035,2.25880208185333,12.002094268798828
3836269496071396736,150.4090351642404,2.386399449798849,0.8720379192880137,20.155376434326172
3836269496071397632,150.41347159081116,2.3879439621210143,-0.21780525693330285,19.61330795288086
3836269530431135360,150.3927704133242,2.3866861239892088,0.15950063018823646,19.92218017578125
3836269534726239616,150.3865898395408,2.387449076799165,0.6712944484226611,20.226459503173828
3836269569086247424,150.40719349057252,2.3940616755918773,2.617140430158798,20.54979133605957
3836269599150615040,150.43409772540434,2.3979931562231815,0.03983485796691096,19.776220321655273
3836269599150615296,150.41652701755336,2.3987879995357324,0.14474102986244447,18.66278839111328
3836269599153132288,150.41591443109516,2.3979755046074778,0.22544635725737538,20.652612686157227
3836269633510357632,150.43276886876484,2.4114849369639435,1.0354195045582328,18.74486541748047
3836269637805723776,150.43105402227886,2.4027398772986572,,20.293968200683594
3836269667870094848,150.4226545472316,2.407215928954309,,21.00541877746582
3836269706525200384,150.4254673554571,2.41363882083543,0.5382919096398017,14.864516258239746
3836269706525242752,150.4227711906089,2.4172380502667004,,20.927345275878906
3836269706525405952,150.42439346579016,2.422083036086566,,20.8118896484375
3836269908388368256,150.36141542181352,2.3882063144132433,1.3359544270124308,20.0363712310791
3836269942747996544,150.35399946134385,2.387784644113592,0.519765862078641,18.46514892578125
3836269942748057856,150.34405662034465,2.3860426849304677,,20.728546142578125
3836270045827321600,150.32421717482748,2.3859272999514354,6.727907397013294,19.720977783203125
3836270050122586880,150.3279733743007,2.383570586444685,1.8199517412594859,18.23456382751465
3836270114546690944,150.3095679383034,2.399128433544114,0.20316035491292916,18.809059143066406
3836270183266171008,150.34057380300905,2.408854965461334,1.114765985694705,16.83310890197754
3836270286345382528,150.38968068790157,2.398487640716012,1.0738580057703708,17.451202392578125
3836270355064938496,150.37203000521322,2.4085798053222667,1.2648198325898623,20.025753021240234
3836270389424602880,150.3899622980907,2.41553059787683,0.15808494486441027,20.270959854125977
3836270393720009856,150.3777225489035,2.4122399461556245,,21.320571899414062
3836270393720173440,150.3770061006504,2.41143409459775,1.3350400954546615,19.837486267089844
3836270428079706368,150.39991657845746,2.4149814163776946,,20.65468406677246
3836270462439444224,150.41565942700822,2.4301723450966612,,21.222597122192383
3836270492506319744,150.38664961845623,2.422411262263037,,20.739511489868164
